seed,fault_type,method,mean_forward_passes,n,correction_opportunities,corrections_retained,recovery_retention,harm_opportunities,harms_realized,negative_transfer_prevention,recovery_selection_rate,selected_accuracy,net_correct_change_per_10000,utility_ratio,utility_per_10000,accuracy,macro_auroc,macro_auprc,nll,brier,ece15_equal_width,ece15_equal_mass,classwise_ece15
101,drift,Always PDRF,1.0,1436,40,0,0.0,29,0,1.0,0.0,0.5083565459610028,0.0,1.0,0.0,0.5083565459610028,0.8392474894961497,0.5937191038968891,2.488933646682378,0.7814062882580509,0.33116171698799224,0.3310805296161112,0.1254303454198686
101,drift,Always RO-PDRF-Lite,1.0,1436,40,40,1.0,29,29,0.0,1.0,0.516016713091922,76.6016713091922,1.0,76.6016713091922,0.516016713091922,0.8364753465640612,0.5916758501514707,2.3788300220903045,0.7809336907419884,0.31798692826420033,0.31798692826420033,0.12446636639379327
101,drift,Frozen Lite-CF (ungated),2.0,1436,40,2,0.05,29,6,0.7931034482758621,0.7952646239554317,0.5055710306406686,-27.855153203342617,1.0,-27.855153203342617,0.5055710306406686,0.8386553327814942,0.5936382403913666,2.3775839598549418,0.7848355530636746,0.3296248596924474,0.3295436723205663,0.1240308070263317
101,drift,Prospective gate Lite-CF,2.0,1436,40,2,0.05,29,6,0.7931034482758621,0.7952646239554317,0.5055710306406686,-27.855153203342617,1.0,-27.855153203342617,0.5055710306406686,0.8386553327814942,0.5936382403913666,2.3775839598549418,0.7848355530636746,0.3296248596924474,0.3295436723205663,0.1240308070263317
101,drift,All-row multinomial (safety),2.0,1436,40,5,0.125,29,2,0.9310344827586207,0.08495821727019498,0.5104456824512534,20.891364902506965,1.0,20.891364902506965,0.5104456824512534,0.8396451509642971,0.5940134794783111,2.4768637117919052,0.7824561858443293,0.33291593677890235,0.33283474940702124,0.12506619352690365
101,drift,All-row multinomial (utility 1:1),2.0,1436,40,37,0.925,29,21,0.27586206896551724,0.9589136490250696,0.5194986072423399,111.42061281337047,1.0,111.42061281337047,0.5194986072423399,0.8374540451695385,0.5922729297438387,2.369687959073714,0.7786882547197609,0.31574241897530947,0.31566123160342835,0.12291724835001461
101,gaussian,Always PDRF,1.0,1436,70,0,0.0,32,0,1.0,0.0,0.4763231197771588,0.0,1.0,0.0,0.4763231197771588,0.7984956214816034,0.49619426471846734,2.839227025997693,0.829637482367375,0.35051705154478335,0.3505170515447834,0.1258970507597408
101,gaussian,Always RO-PDRF-Lite,1.0,1436,70,70,1.0,32,32,0.0,1.0,0.5027855153203342,264.6239554317549,1.0,264.6239554317549,0.5027855153203342,0.8104259409049986,0.517072993121191,2.3941522058517126,0.7749873969150223,0.3070160287388991,0.3052105880480971,0.1128345411089729
101,gaussian,Frozen Lite-CF (ungated),2.0,1436,70,11,0.15714285714285714,32,3,0.90625,0.7534818941504178,0.4818941504178273,55.710306406685234,1.0,55.710306406685234,0.4818941504178273,0.8059467246425532,0.5088620261584281,2.4778418283711834,0.7930963536845391,0.3270967410883623,0.32709674108836223,0.11738334076050905
101,gaussian,Prospective gate Lite-CF,2.0,1436,70,11,0.15714285714285714,32,3,0.90625,0.7534818941504178,0.4818941504178273,55.710306406685234,1.0,55.710306406685234,0.4818941504178273,0.8059467246425532,0.5088620261584281,2.4778418283711834,0.7930963536845391,0.3270967410883623,0.32709674108836223,0.11738334076050905
101,gaussian,All-row multinomial (safety),2.0,1436,70,5,0.07142857142857142,32,1,0.96875,0.07938718662952646,0.479108635097493,27.855153203342617,1.0,27.855153203342617,0.479108635097493,0.8003435492500305,0.49933277543510707,2.7773979903056434,0.8136619516240365,0.3420263172320054,0.3420263172320054,0.12132894531597223
101,gaussian,All-row multinomial (utility 1:1),2.0,1436,70,40,0.5714285714285714,32,17,0.46875,0.9157381615598886,0.4923398328690808,160.16713091922006,1.0,160.16713091922006,0.4923398328690808,0.8091256790779223,0.5146795337803831,2.4109072217335594,0.7801419680941477,0.317376062038732,0.3173760620387319,0.11463750007706879
101,offset,Always PDRF,1.0,1436,47,0,0.0,37,0,1.0,0.0,0.483983286908078,0.0,1.0,0.0,0.483983286908078,0.834118215600911,0.580202061564724,2.6477536397367873,0.821554799283692,0.3516998856750623,0.3512195509898328,0.13568290858865925
101,offset,Always RO-PDRF-Lite,1.0,1436,47,47,1.0,37,37,0.0,1.0,0.4909470752089137,69.63788300835654,1.0,69.63788300835654,0.4909470752089137,0.8353086428343727,0.5851776610604037,2.4859724173508297,0.8034434292936917,0.3350643859982594,0.33495015716376364,0.12875905416892292
101,offset,Frozen Lite-CF (ungated),2.0,1436,47,9,0.19148936170212766,37,15,0.5945945945945945,0.8015320334261838,0.47980501392757663,-41.78272980501393,1.0,-41.78272980501393,0.47980501392757663,0.8381677440367262,0.589004270138828,2.4784076543363227,0.8043031114332309,0.3456627646748622,0.3451824299896328,0.12844326656310692
101,offset,Prospective gate Lite-CF,2.0,1436,47,9,0.19148936170212766,37,15,0.5945945945945945,0.8015320334261838,0.47980501392757663,-41.78272980501393,1.0,-41.78272980501393,0.47980501392757663,0.8381677440367262,0.589004270138828,2.4784076543363227,0.8043031114332309,0.3456627646748622,0.3451824299896328,0.12844326656310692
101,offset,All-row multinomial (safety),2.0,1436,47,13,0.2765957446808511,37,8,0.7837837837837838,0.11977715877437325,0.48746518105849584,34.81894150417827,1.0,34.81894150417827,0.48746518105849584,0.8362006600724938,0.5817402702585993,2.605284005400505,0.8131973884809333,0.35289880854278327,0.35241847385755376,0.13215145291799127
101,offset,All-row multinomial (utility 1:1),2.0,1436,47,41,0.8723404255319149,37,29,0.21621621621621623,0.9568245125348189,0.4923398328690808,83.56545961002786,1.0,83.56545961002786,0.4923398328690808,0.8371424983947248,0.586589069570199,2.471980638139801,0.7999688019930083,0.33418913363747416,0.3341891336374743,0.12740054595483438
101,stuck_at,Always PDRF,1.0,1436,50,0,0.0,31,0,1.0,0.0,0.4742339832869081,0.0,1.0,0.0,0.4742339832869081,0.8254305560440872,0.5841217020011291,2.6300950127475993,0.8290771882188495,0.348584335626106,0.3485843356261059,0.1383860614734377
101,stuck_at,Always RO-PDRF-Lite,1.0,1436,50,50,1.0,31,31,0.0,1.0,0.48746518105849584,132.31197771587745,1.0,132.31197771587745,0.48746518105849584,0.8318964980002871,0.5933339724159508,2.3557621927484584,0.7785457370818188,0.3122974577434408,0.31229745774344086,0.12547769658468777
101,stuck_at,Frozen Lite-CF (ungated),2.0,1436,50,8,0.16,31,4,0.8709677419354839,0.7597493036211699,0.47701949860724235,27.855153203342617,1.0,27.855153203342617,0.47701949860724235,0.8338331191943019,0.5934616696081315,2.3686784793213453,0.7885336026206184,0.32605793057175525,0.32605793057175536,0.12830484307543785
101,stuck_at,Prospective gate Lite-CF,2.0,1436,50,8,0.16,31,4,0.8709677419354839,0.7597493036211699,0.47701949860724235,27.855153203342617,1.0,27.855153203342617,0.47701949860724235,0.8338331191943019,0.5934616696081315,2.3686784793213453,0.7885336026206184,0.32605793057175525,0.32605793057175536,0.12830484307543785
101,stuck_at,All-row multinomial (safety),2.0,1436,50,8,0.16,31,2,0.935483870967742,0.0967966573816156,0.47841225626740946,41.78272980501393,1.0,41.78272980501393,0.47841225626740946,0.8268592210809241,0.5865564365907697,2.591667414315071,0.8157947512139684,0.3408638512078198,0.34086385120781976,0.13526473556234364
101,stuck_at,All-row multinomial (utility 1:1),2.0,1436,50,42,0.84,31,19,0.3870967741935484,0.9442896935933147,0.49025069637883006,160.16713091922006,1.0,160.16713091922006,0.49025069637883006,0.8334256175933753,0.5951009430466057,2.347007188302737,0.7751390030689536,0.309356088818744,0.30935608881874405,0.12413034929829554
102,drift,Always PDRF,1.0,1436,5,0,0.0,6,0,1.0,0.0,0.536908077994429,0.0,1.0,0.0,0.536908077994429,0.8348236289052858,0.6029416949801575,2.2737487398908605,0.7684174199900061,0.3179786775796064,0.312638226794642,0.12693614237599823
102,drift,Always RO-PDRF-Lite,1.0,1436,5,5,1.0,6,6,0.0,1.0,0.5362116991643454,-6.963788300835654,1.0,-6.963788300835654,0.5362116991643454,0.841329127262509,0.6098149581183309,2.0322238386593763,0.7322715194984863,0.2939216798100707,0.2933548501620954,0.11807596112572309
102,drift,Frozen Lite-CF (ungated),2.0,1436,5,2,0.4,6,0,1.0,0.8328690807799443,0.5383008356545961,13.927576601671309,1.0,13.927576601671309,0.5383008356545961,0.8415057110884901,0.609697677428514,2.0578719285544484,0.7407573765650196,0.30217385202905067,0.29683340124408636,0.12036947385449405
102,drift,Prospective gate Lite-CF,2.0,1436,5,2,0.4,6,0,1.0,0.8328690807799443,0.5383008356545961,13.927576601671309,1.0,13.927576601671309,0.5383008356545961,0.8415057110884901,0.609697677428514,2.0578719285544484,0.7407573765650196,0.30217385202905067,0.29683340124408636,0.12036947385449405
102,drift,All-row multinomial (safety),2.0,1436,5,3,0.6,6,0,1.0,0.034122562674094706,0.5389972144846796,20.891364902506965,1.0,20.891364902506965,0.5389972144846796,0.8349353929551877,0.6034020946076118,2.265046747016973,0.7670156666970427,0.3175911447474119,0.31225069396244753,0.12651953282795694
102,drift,All-row multinomial (utility 1:1),2.0,1436,5,3,0.6,6,0,1.0,0.03203342618384401,0.5389972144846796,20.891364902506965,1.0,20.891364902506965,0.5389972144846796,0.8350254919886672,0.6035025833418047,2.2646433914060973,0.7667254913425027,0.3174329803660614,0.31209252958109696,0.126530778656654
102,gaussian,Always PDRF,1.0,1436,37,0,0.0,16,0,1.0,0.0,0.4714484679665738,0.0,1.0,0.0,0.4714484679665738,0.7862003761367841,0.5016691422782378,2.9683837172862226,0.8333847211073275,0.34186101986209333,0.340835009541088,0.12639295299850725
102,gaussian,Always RO-PDRF-Lite,1.0,1436,37,37,1.0,16,16,0.0,1.0,0.4860724233983287,146.23955431754874,1.0,146.23955431754874,0.4860724233983287,0.8005699662045501,0.5231103047871118,2.470893195866829,0.7766912585087231,0.3042317163890002,0.30423171638900026,0.11245035892972417
102,gaussian,Frozen Lite-CF (ungated),2.0,1436,37,2,0.05405405405405406,16,0,1.0,0.7249303621169917,0.47284122562674097,13.927576601671309,1.0,13.927576601671309,0.47284122562674097,0.795527533651283,0.5166476602876645,2.6160041756739227,0.8062952124501098,0.33512362219082265,0.3340976118698174,0.1209336656789483
102,gaussian,Prospective gate Lite-CF,2.0,1436,37,2,0.05405405405405406,16,0,1.0,0.7249303621169917,0.47284122562674097,13.927576601671309,1.0,13.927576601671309,0.47284122562674097,0.795527533651283,0.5166476602876645,2.6160041756739227,0.8062952124501098,0.33512362219082265,0.3340976118698174,0.1209336656789483
102,gaussian,All-row multinomial (safety),2.0,1436,37,7,0.1891891891891892,16,3,0.8125,0.06615598885793872,0.4742339832869081,27.855153203342617,1.0,27.855153203342617,0.4742339832869081,0.7873606337396649,0.5045339387129593,2.948369935361609,0.8291795899303498,0.3466441311535383,0.34561812083253296,0.12577677855284566
102,gaussian,All-row multinomial (utility 1:1),2.0,1436,37,6,0.16216216216216217,16,3,0.8125,0.06197771587743733,0.4735376044568245,20.891364902506965,1.0,20.891364902506965,0.4735376044568245,0.787153498550393,0.5041929547446617,2.951130002738176,0.8295678638625776,0.3468694288112842,0.3458434184902787,0.1258388591635528
102,offset,Always PDRF,1.0,1436,10,0,0.0,3,0,1.0,0.0,0.5111420612813371,0.0,1.0,0.0,0.5111420612813371,0.8248632341445395,0.5842026104190533,2.4338803955531465,0.8116993491606392,0.34347408917631367,0.3434740891763136,0.13478164012964483
102,offset,Always RO-PDRF-Lite,1.0,1436,10,10,1.0,3,3,0.0,1.0,0.516016713091922,48.74651810584958,1.0,48.74651810584958,0.516016713091922,0.8313828047982614,0.5912029988645155,2.186655054463346,0.7796173952843806,0.3224745329020203,0.32247453290202044,0.12697599455282024
102,offset,Frozen Lite-CF (ungated),2.0,1436,10,1,0.1,3,0,1.0,0.8467966573816156,0.5118384401114207,6.963788300835654,1.0,6.963788300835654,0.5118384401114207,0.831162542120846,0.5907857539124874,2.2091936149991147,0.787321715843344,0.33069480252532163,0.3306948025253217,0.12855876490098406
102,offset,Prospective gate Lite-CF,2.0,1436,10,1,0.1,3,0,1.0,0.8467966573816156,0.5118384401114207,6.963788300835654,1.0,6.963788300835654,0.5118384401114207,0.831162542120846,0.5907857539124874,2.2091936149991147,0.787321715843344,0.33069480252532163,0.3306948025253217,0.12855876490098406
102,offset,All-row multinomial (safety),2.0,1436,10,3,0.3,3,0,1.0,0.034818941504178275,0.5132311977715878,20.891364902506965,1.0,20.891364902506965,0.5132311977715878,0.8249901500954401,0.5845217146515632,2.424604963011358,0.8102387363449288,0.34469412498031304,0.34275751734920784,0.1343503972675653
102,offset,All-row multinomial (utility 1:1),2.0,1436,10,3,0.3,3,0,1.0,0.031337047353760444,0.5132311977715878,20.891364902506965,1.0,20.891364902506965,0.5132311977715878,0.8250105392139145,0.5845102867735859,2.4247914683232903,0.8104096747460253,0.3447336339613556,0.3427970263302504,0.13443124295076816
102,stuck_at,Always PDRF,1.0,1436,16,0,0.0,2,0,1.0,0.0,0.5139275766016713,0.0,1.0,0.0,0.5139275766016713,0.8226905085073303,0.584262274885964,2.052777011851355,0.7267302437222519,0.2716721390013584,0.2680144150146106,0.11195104981260455
102,stuck_at,Always RO-PDRF-Lite,1.0,1436,16,16,1.0,2,2,0.0,1.0,0.5236768802228412,97.49303621169916,1.0,97.49303621169916,0.5236768802228412,0.8295318086102692,0.589506019909592,1.9095291114090942,0.7055191902977516,0.2523779670282014,0.2506983476377984,0.10756349705563194
102,stuck_at,Frozen Lite-CF (ungated),2.0,1436,16,1,0.0625,2,0,1.0,0.7158774373259053,0.5146239554317549,6.963788300835654,1.0,6.963788300835654,0.5146239554317549,0.8266953214060736,0.5874255100895556,1.955976326557012,0.7171847855279525,0.2677689116361553,0.26411118764940755,0.10938039632875267
102,stuck_at,Prospective gate Lite-CF,2.0,1436,16,1,0.0625,2,0,1.0,0.7158774373259053,0.5146239554317549,6.963788300835654,1.0,6.963788300835654,0.5146239554317549,0.8266953214060736,0.5874255100895556,1.955976326557012,0.7171847855279525,0.2677689116361553,0.26411118764940755,0.10938039632875267
102,stuck_at,All-row multinomial (safety),2.0,1436,16,9,0.5625,2,0,1.0,0.04665738161559889,0.5201949860724234,62.674094707520894,1.0,62.674094707520894,0.5201949860724234,0.8232645526402366,0.58512991153745,2.0466931505567665,0.7244532094469258,0.2665870515343336,0.2629293275475858,0.11161979222390976
102,stuck_at,All-row multinomial (utility 1:1),2.0,1436,16,8,0.5,2,0,1.0,0.03899721448467967,0.5194986072423399,55.710306406685234,1.0,55.710306406685234,0.5194986072423399,0.8230283616688433,0.5848651262182353,2.047810676750257,0.7249021331790886,0.26722394037477265,0.26356621638802485,0.11155156546287415
103,drift,Always PDRF,1.0,1436,28,0,0.0,5,0,1.0,0.0,0.49512534818941506,0.0,1.0,0.0,0.49512534818941506,0.8061840355917056,0.5571826361375264,3.462134174382716,0.9047666418294835,0.41281783459897126,0.41169045861789916,0.15198531875518775
103,drift,Always RO-PDRF-Lite,1.0,1436,28,28,1.0,5,5,0.0,1.0,0.5111420612813371,160.16713091922006,1.0,160.16713091922006,0.5111420612813371,0.8109073300359152,0.5687050722445737,3.123861469160768,0.8682373604266791,0.3870797372614866,0.38687359105760505,0.14437774709075243
103,drift,Frozen Lite-CF (ungated),2.0,1436,28,0,0.0,5,0,1.0,0.6427576601671309,0.49512534818941506,0.0,1.0,0.0,0.49512534818941506,0.8121133494451996,0.5685464953610497,3.197693758257123,0.8986856995164267,0.41030736227487913,0.4091799862938068,0.15107542204197652
103,drift,Prospective gate Lite-CF,1.0,1436,28,0,0.0,5,0,1.0,0.0,0.49512534818941506,0.0,1.0,0.0,0.49512534818941506,0.8061840355917056,0.5571826361375264,3.462134174382716,0.9047666418294835,0.41281783459897126,0.41169045861789916,0.15198531875518775
103,drift,All-row multinomial (safety),2.0,1436,28,0,0.0,5,0,1.0,0.016016713091922007,0.49512534818941506,0.0,1.0,0.0,0.49512534818941506,0.806724768447514,0.5581440119751252,3.458294244789832,0.9026594469085253,0.41570768237880307,0.41458030639773097,0.1511415624181033
103,drift,All-row multinomial (utility 1:1),2.0,1436,28,27,0.9642857142857143,5,5,0.0,0.9923398328690808,0.5104456824512534,153.2033426183844,1.0,153.2033426183844,0.5104456824512534,0.8109836628708065,0.5690328911632948,3.123903814033705,0.8682802017514415,0.38824084977151396,0.3877455721263121,0.14418679829412043
103,gaussian,Always PDRF,1.0,1436,49,0,0.0,15,0,1.0,0.0,0.44707520891364905,0.0,1.0,0.0,0.44707520891364905,0.7694249613154086,0.4738324174880839,4.163939058459799,0.9145673794401421,0.4161377317134759,0.41599109654739785,0.14568111844563988
103,gaussian,Always RO-PDRF-Lite,1.0,1436,49,49,1.0,15,15,0.0,1.0,0.47075208913649025,236.76880222841226,1.0,236.76880222841226,0.47075208913649025,0.7817272630643446,0.49231922150990065,3.492984982756553,0.8662389415564703,0.37829005887611455,0.37820760135803666,0.13463757829773834
103,gaussian,Frozen Lite-CF (ungated),2.0,1436,49,0,0.0,15,0,1.0,0.48676880222841223,0.44707520891364905,0.0,1.0,0.0,0.44707520891364905,0.774255659737897,0.48108874172013466,3.8681893188422496,0.9129000597916969,0.41569763528160275,0.4155510001155246,0.14553441963501548
103,gaussian,Prospective gate Lite-CF,1.0,1436,49,0,0.0,15,0,1.0,0.0,0.44707520891364905,0.0,1.0,0.0,0.44707520891364905,0.7694249613154086,0.4738324174880839,4.163939058459799,0.9145673794401421,0.4161377317134759,0.41599109654739785,0.14568111844563988
103,gaussian,All-row multinomial (safety),2.0,1436,49,3,0.061224489795918366,15,0,1.0,0.013231197771587743,0.4491643454038997,20.891364902506965,1.0,20.891364902506965,0.4491643454038997,0.7703161645274905,0.4756659458568901,4.157911389239892,0.912767161815289,0.4168929873278745,0.41674635216179645,0.1458547353496147
103,gaussian,All-row multinomial (utility 1:1),2.0,1436,49,44,0.8979591836734694,15,13,0.1333333333333333,0.9846796657381616,0.46866295264623953,215.8774373259053,1.0,215.8774373259053,0.46866295264623953,0.7815245042837412,0.49185382376471026,3.5034003019521442,0.8682008979768603,0.3804761859401664,0.3804761859401663,0.1353969649448423
103,offset,Always PDRF,1.0,1436,42,0,0.0,3,0,1.0,0.0,0.4610027855153203,0.0,1.0,0.0,0.4610027855153203,0.7931424934604397,0.5368989239230508,3.858461086657976,0.9727784135520209,0.45394944242541346,0.45229778566961043,0.16463707549618506
103,offset,Always RO-PDRF-Lite,1.0,1436,42,42,1.0,3,3,0.0,1.0,0.4881615598885794,271.5877437325905,1.0,271.5877437325905,0.4881615598885794,0.8020726761144648,0.55014345265786,3.3361940831758123,0.9111123604105786,0.41270434890265545,0.4114588330206151,0.1524636774417841
103,offset,Frozen Lite-CF (ungated),2.0,1436,42,0,0.0,3,0,1.0,0.6525069637883009,0.4610027855153203,0.0,1.0,0.0,0.4610027855153203,0.8036820518205965,0.5506093663288959,3.470090183969446,0.9653625557689316,0.4509596291569091,0.4493079724011062,0.16359357787621248
103,offset,Prospective gate Lite-CF,1.0,1436,42,0,0.0,3,0,1.0,0.0,0.4610027855153203,0.0,1.0,0.0,0.4610027855153203,0.7931424934604397,0.5368989239230508,3.858461086657976,0.9727784135520209,0.45394944242541346,0.45229778566961043,0.16463707549618506
103,offset,All-row multinomial (safety),2.0,1436,42,0,0.0,3,0,1.0,0.00766016713091922,0.4610027855153203,0.0,1.0,0.0,0.4610027855153203,0.7934253720347666,0.5376844029406428,3.8560746468339033,0.9713331393285443,0.4549996396796449,0.45406964122891075,0.16408852022768355
103,offset,All-row multinomial (utility 1:1),2.0,1436,42,40,0.9523809523809523,3,2,0.33333333333333337,0.995125348189415,0.48746518105849584,264.6239554317549,1.0,264.6239554317549,0.48746518105849584,0.8021625981800553,0.550358577036384,3.3361268069964094,0.9109697698277913,0.4119038091538886,0.4118807476806869,0.15247576436887514
103,stuck_at,Always PDRF,1.0,1436,35,0,0.0,13,0,1.0,0.0,0.4763231197771588,0.0,1.0,0.0,0.4763231197771588,0.7994549784898589,0.5449567487962206,3.058786132774741,0.8913021099071131,0.3972088937862211,0.3962749994696694,0.14722022895729928
103,stuck_at,Always RO-PDRF-Lite,1.0,1436,35,35,1.0,13,13,0.0,1.0,0.49164345403899723,153.2033426183844,1.0,153.2033426183844,0.49164345403899723,0.8091234557598685,0.556959246616198,2.65894292054566,0.8294905467864742,0.3632650532355653,0.3632650532355654,0.1335351564360047
103,stuck_at,Frozen Lite-CF (ungated),2.0,1436,35,0,0.0,13,0,1.0,0.46935933147632314,0.4763231197771588,0.0,1.0,0.0,0.4763231197771588,0.8079595459658284,0.5536716622424747,2.8344173758064852,0.8842775616973916,0.39402771090503197,0.39309381658848,0.14603179557635124
103,stuck_at,Prospective gate Lite-CF,1.0,1436,35,0,0.0,13,0,1.0,0.0,0.4763231197771588,0.0,1.0,0.0,0.4763231197771588,0.7994549784898589,0.5449567487962206,3.058786132774741,0.8913021099071131,0.3972088937862211,0.3962749994696694,0.14722022895729928
103,stuck_at,All-row multinomial (safety),2.0,1436,35,0,0.0,13,0,1.0,0.011142061281337047,0.4763231197771588,0.0,1.0,0.0,0.4763231197771588,0.7999153115478915,0.5458040911387295,3.0563978247079056,0.8899807788705189,0.3990447735598117,0.39811087924325983,0.14689103904689224
103,stuck_at,All-row multinomial (utility 1:1),2.0,1436,35,32,0.9142857142857143,13,8,0.3846153846153846,0.9874651810584958,0.49303621169916434,167.13091922005572,1.0,167.13091922005572,0.49303621169916434,0.809593045015725,0.5575383759098147,2.656908760717951,0.8283374466648358,0.3616551700780679,0.3611533222491822,0.13438070563856944
104,drift,Always PDRF,1.0,1436,24,0,0.0,18,0,1.0,0.0,0.5125348189415042,0.0,1.0,0.0,0.5125348189415042,0.8233769109971055,0.5712572898152133,2.754037633330888,0.8065739628401775,0.3435852151538661,0.3434274453050983,0.1355360263352657
104,drift,Always RO-PDRF-Lite,1.0,1436,24,24,1.0,18,18,0.0,1.0,0.5167130919220055,41.78272980501393,1.0,41.78272980501393,0.5167130919220055,0.8214508129285926,0.5738868422238015,2.6786140344502294,0.8095874938282757,0.34926311262315235,0.3486105690466599,0.13478265387670738
104,drift,Frozen Lite-CF (ungated),2.0,1436,24,0,0.0,18,0,1.0,0.5389972144846796,0.5125348189415042,0.0,1.0,0.0,0.5125348189415042,0.8236080343150819,0.5757388075244793,2.680473813637705,0.8038095687223944,0.34085248353010045,0.34069471368133275,0.1344344350059989
104,drift,Prospective gate Lite-CF,2.0,1436,24,0,0.0,18,0,1.0,0.5389972144846796,0.5125348189415042,0.0,1.0,0.0,0.5125348189415042,0.8236080343150819,0.5757388075244793,2.680473813637705,0.8038095687223944,0.34085248353010045,0.34069471368133275,0.1344344350059989
104,drift,All-row multinomial (safety),2.0,1436,24,0,0.0,18,0,1.0,0.0,0.5125348189415042,0.0,1.0,0.0,0.5125348189415042,0.8233769109971055,0.5712572898152133,2.754037633330888,0.8065739628401775,0.3435852151538661,0.3434274453050983,0.1355360263352657
104,drift,All-row multinomial (utility 1:1),2.0,1436,24,12,0.5,18,5,0.7222222222222222,0.26114206128133705,0.5174094707520891,48.74651810584958,1.0,48.74651810584958,0.5174094707520891,0.8231219606300751,0.5720219138397019,2.717002376297739,0.7975521433251253,0.3405239083830398,0.3403661385342721,0.13333566301519215
104,gaussian,Always PDRF,1.0,1436,43,0,0.0,17,0,1.0,0.0,0.46518105849582175,0.0,1.0,0.0,0.46518105849582175,0.7726162499716839,0.45782909311626324,3.7649583800546864,0.9115654135060874,0.40636215400940795,0.406362154009408,0.1429432663359693
104,gaussian,Always RO-PDRF-Lite,1.0,1436,43,43,1.0,17,17,0.0,1.0,0.4832869080779944,181.058495821727,1.0,181.058495821727,0.4832869080779944,0.7873036014898549,0.48313501971844913,3.1356003541762214,0.8496952166221593,0.36930168722942547,0.3693016872294255,0.12961812400052483
104,gaussian,Frozen Lite-CF (ungated),2.0,1436,43,0,0.0,17,2,0.8823529411764706,0.5870473537604457,0.4637883008356546,-13.927576601671309,1.0,-13.927576601671309,0.4637883008356546,0.7822268245505039,0.47369206939403186,3.32881498562142,0.8897807211794463,0.39599978397708624,0.39599978397708624,0.13909492735814402
104,gaussian,Prospective gate Lite-CF,2.0,1436,43,0,0.0,17,2,0.8823529411764706,0.5870473537604457,0.4637883008356546,-13.927576601671309,1.0,-13.927576601671309,0.4637883008356546,0.7822268245505039,0.47369206939403186,3.32881498562142,0.8897807211794463,0.39599978397708624,0.39599978397708624,0.13909492735814402
104,gaussian,All-row multinomial (safety),2.0,1436,43,0,0.0,17,0,1.0,0.0,0.46518105849582175,0.0,1.0,0.0,0.46518105849582175,0.7726162499716839,0.45782909311626324,3.7649583800546864,0.9115654135060874,0.40636215400940795,0.406362154009408,0.1429432663359693
104,gaussian,All-row multinomial (utility 1:1),2.0,1436,43,21,0.4883720930232558,17,10,0.4117647058823529,0.2924791086350975,0.47284122562674097,76.6016713091922,1.0,76.6016713091922,0.47284122562674097,0.7772950196816361,0.46619834115263975,3.5316109171756738,0.8603353242354848,0.37853870286207125,0.37853870286207125,0.13111978596360582
104,offset,Always PDRF,1.0,1436,41,0,0.0,33,0,1.0,0.0,0.4986072423398329,0.0,1.0,0.0,0.4986072423398329,0.819680864599103,0.5613925739899178,2.9016387384741376,0.8312201269853026,0.3485311742773646,0.3462914504837802,0.14168826381918528
104,offset,Always RO-PDRF-Lite,1.0,1436,41,41,1.0,33,33,0.0,1.0,0.5041782729805014,55.710306406685234,1.0,55.710306406685234,0.5041782729805014,0.8179721242765057,0.5629300512071064,2.840375766631217,0.8415782998836797,0.3632134475276603,0.35892201369877047,0.13940998411709957
104,offset,Frozen Lite-CF (ungated),2.0,1436,41,0,0.0,33,2,0.9393939393939394,0.5250696378830083,0.4972144846796657,-13.927576601671309,1.0,-13.927576601671309,0.4972144846796657,0.8186383082052852,0.5631512523189168,2.827929928916783,0.8289343566803957,0.34524400134157435,0.34300427754799007,0.14118221359834998
104,offset,Prospective gate Lite-CF,2.0,1436,41,0,0.0,33,2,0.9393939393939394,0.5250696378830083,0.4972144846796657,-13.927576601671309,1.0,-13.927576601671309,0.4972144846796657,0.8186383082052852,0.5631512523189168,2.827929928916783,0.8289343566803957,0.34524400134157435,0.34300427754799007,0.14118221359834998
104,offset,All-row multinomial (safety),2.0,1436,41,0,0.0,33,0,1.0,0.0,0.4986072423398329,0.0,1.0,0.0,0.4986072423398329,0.819680864599103,0.5613925739899178,2.9016387384741376,0.8312201269853026,0.3485311742773646,0.3462914504837802,0.14168826381918528
104,offset,All-row multinomial (utility 1:1),2.0,1436,41,23,0.5609756097560976,33,20,0.3939393939393939,0.2876044568245125,0.5006963788300836,20.891364902506965,1.0,20.891364902506965,0.5006963788300836,0.8182847237957868,0.5588391957014655,2.8738434841329945,0.8328283456380302,0.3531293090179013,0.35162612328576404,0.14052961374577427
104,stuck_at,Always PDRF,1.0,1436,41,0,0.0,36,0,1.0,0.0,0.48467966573816157,0.0,1.0,0.0,0.48467966573816157,0.8108443867463242,0.5614981573781592,2.870310467095609,0.8512571392275435,0.3578888997839186,0.35332585545775136,0.14404618860020438
104,stuck_at,Always RO-PDRF-Lite,1.0,1436,41,41,1.0,36,36,0.0,1.0,0.4881615598885794,34.81894150417827,1.0,34.81894150417827,0.4881615598885794,0.8127177522040357,0.5596797276742435,2.6897326080014765,0.8279248597442802,0.34602041464895045,0.3452371995903631,0.1388562701460551
104,stuck_at,Frozen Lite-CF (ungated),2.0,1436,41,0,0.0,36,0,1.0,0.4818941504178273,0.48467966573816157,0.0,1.0,0.0,0.48467966573816157,0.8124353832194631,0.55769066695155,2.728175947951676,0.8402131907280769,0.3510126636395753,0.3464496193134081,0.1415779576991743
104,stuck_at,Prospective gate Lite-CF,2.0,1436,41,0,0.0,36,0,1.0,0.4818941504178273,0.48467966573816157,0.0,1.0,0.0,0.48467966573816157,0.8124353832194631,0.55769066695155,2.728175947951676,0.8402131907280769,0.3510126636395753,0.3464496193134081,0.1415779576991743
104,stuck_at,All-row multinomial (safety),2.0,1436,41,0,0.0,36,0,1.0,0.0,0.48467966573816157,0.0,1.0,0.0,0.48467966573816157,0.8108443867463242,0.5614981573781592,2.870310467095609,0.8512571392275435,0.3578888997839186,0.35332585545775136,0.14404618860020438
104,stuck_at,All-row multinomial (utility 1:1),2.0,1436,41,24,0.5853658536585366,36,25,0.3055555555555556,0.318941504178273,0.483983286908078,-6.963788300835654,1.0,-6.963788300835654,0.483983286908078,0.8128823774616555,0.5626477920920115,2.7944416467759763,0.8317249059625117,0.3544082950208678,0.34899724111097535,0.13955976141391646
105,drift,Always PDRF,1.0,1436,20,0,0.0,16,0,1.0,0.0,0.5285515320334262,0.0,1.0,0.0,0.5285515320334262,0.8441991225697406,0.6168680297539547,1.7071169055838036,0.6813240574441806,0.23064789627314808,0.23064789627314813,0.10868422164090924
105,drift,Always RO-PDRF-Lite,1.0,1436,20,20,1.0,16,16,0.0,1.0,0.5313370473537604,27.855153203342617,1.0,27.855153203342617,0.5313370473537604,0.8439875190301863,0.6172448384801762,1.6778371891108042,0.6671392361487746,0.22222303722965658,0.22222303722965656,0.10531511613778032
105,drift,Frozen Lite-CF (ungated),2.0,1436,20,1,0.05,16,0,1.0,0.7311977715877437,0.5292479108635098,6.963788300835654,1.0,6.963788300835654,0.5292479108635098,0.8457712103729124,0.6174563589885149,1.6843456517512367,0.6735756786288468,0.23243804137531393,0.23243804137531393,0.10605150323906454
105,drift,Prospective gate Lite-CF,1.0,1436,20,0,0.0,16,0,1.0,0.0,0.5285515320334262,0.0,1.0,0.0,0.5285515320334262,0.8441991225697406,0.6168680297539547,1.7071169055838036,0.6813240574441806,0.23064789627314808,0.23064789627314813,0.10868422164090924
105,drift,All-row multinomial (safety),2.0,1436,20,0,0.0,16,0,1.0,0.0,0.5285515320334262,0.0,1.0,0.0,0.5285515320334262,0.8441991225697406,0.6168680297539547,1.7071169055838036,0.6813240574441806,0.23064789627314808,0.23064789627314813,0.10868422164090924
105,drift,All-row multinomial (utility 1:1),2.0,1436,20,15,0.75,16,14,0.125,0.9832869080779945,0.5292479108635098,6.963788300835654,1.0,6.963788300835654,0.5292479108635098,0.8440237184864907,0.617539079714266,1.6788722822363744,0.6672970779814589,0.22498648858046105,0.22498648858046108,0.10505344089728752
105,gaussian,Always PDRF,1.0,1436,36,0,0.0,14,0,1.0,0.0,0.46866295264623953,0.0,1.0,0.0,0.46866295264623953,0.7922143448823852,0.5272439559862733,2.54896701987086,0.7926728583098784,0.30728649900428673,0.30728649900428673,0.11816700165292877
105,gaussian,Always RO-PDRF-Lite,1.0,1436,36,36,1.0,14,14,0.0,1.0,0.483983286908078,153.2033426183844,1.0,153.2033426183844,0.483983286908078,0.8011883278767454,0.5413210353538406,2.2767790155351015,0.756742692338847,0.2816377361089997,0.28163773610899967,0.10934746151707588
105,gaussian,Frozen Lite-CF (ungated),2.0,1436,36,7,0.19444444444444445,14,2,0.8571428571428572,0.7228412256267409,0.47214484679665736,34.81894150417827,1.0,34.81894150417827,0.47214484679665736,0.7979144422847179,0.5360383209799034,2.3851080378463645,0.7805360445414246,0.3101020290227062,0.30982731446227785,0.11686486643982873
105,gaussian,Prospective gate Lite-CF,1.0,1436,36,0,0.0,14,0,1.0,0.0,0.46866295264623953,0.0,1.0,0.0,0.46866295264623953,0.7922143448823852,0.5272439559862733,2.54896701987086,0.7926728583098784,0.30728649900428673,0.30728649900428673,0.11816700165292877
105,gaussian,All-row multinomial (safety),2.0,1436,36,0,0.0,14,0,1.0,0.003481894150417827,0.46866295264623953,0.0,1.0,0.0,0.46866295264623953,0.7923651338618622,0.5276026735367957,2.549813413187525,0.7930902842829202,0.3083272841984041,0.30832728419840405,0.11818942989950047
105,gaussian,All-row multinomial (utility 1:1),2.0,1436,36,32,0.8888888888888888,14,13,0.0714285714285714,0.9825905292479109,0.4818941504178273,132.31197771587745,1.0,132.31197771587745,0.4818941504178273,0.8009292308703132,0.5411225973036357,2.286223676608336,0.7579422857216054,0.28503588743697156,0.2850358874369715,0.11015047741021951
105,offset,Always PDRF,1.0,1436,34,0,0.0,22,0,1.0,0.0,0.49930362116991645,0.0,1.0,0.0,0.49930362116991645,0.8345025714883397,0.5946103953856956,1.8431912756136597,0.7282177048127615,0.24942664814816845,0.24838687735381243,0.11847647032664199
105,offset,Always RO-PDRF-Lite,1.0,1436,34,34,1.0,22,22,0.0,1.0,0.5076601671309192,83.56545961002786,1.0,83.56545961002786,0.5076601671309192,0.8348657132410673,0.5973169489978539,1.7985391917024582,0.7143529496983659,0.23777692094929723,0.23748592327824827,0.11655236583105115
105,offset,Frozen Lite-CF (ungated),2.0,1436,34,6,0.17647058823529413,22,0,1.0,0.7228412256267409,0.5034818941504178,41.78272980501393,1.0,41.78272980501393,0.5034818941504178,0.8364291503500012,0.5981243024823241,1.8116033835628331,0.721590141140469,0.2512531382090005,0.2502133674146445,0.11830312605620912
105,offset,Prospective gate Lite-CF,1.0,1436,34,0,0.0,22,0,1.0,0.0,0.49930362116991645,0.0,1.0,0.0,0.49930362116991645,0.8345025714883397,0.5946103953856956,1.8431912756136597,0.7282177048127615,0.24942664814816845,0.24838687735381243,0.11847647032664199
105,offset,All-row multinomial (safety),2.0,1436,34,0,0.0,22,0,1.0,0.001392757660167131,0.49930362116991645,0.0,1.0,0.0,0.49930362116991645,0.8347466411395073,0.5946636290869254,1.8416632053381123,0.7286038580379717,0.2498587614263607,0.24881899063200472,0.11849247202758355
105,offset,All-row multinomial (utility 1:1),2.0,1436,34,31,0.9117647058823529,22,19,0.13636363636363635,0.9832869080779945,0.5076601671309192,83.56545961002786,1.0,83.56545961002786,0.5076601671309192,0.8349192202866208,0.5976133065080146,1.7996691418266124,0.7143747015814118,0.23881429536025411,0.23829567566099305,0.11640418368780932
105,stuck_at,Always PDRF,1.0,1436,45,0,0.0,11,0,1.0,0.0,0.45403899721448465,0.0,1.0,0.0,0.45403899721448465,0.8153848501703312,0.5718992745767921,1.8804050515045212,0.7639791641925465,0.2714596361669439,0.2714596361669439,0.12050273914538841
105,stuck_at,Always RO-PDRF-Lite,1.0,1436,45,45,1.0,11,11,0.0,1.0,0.4777158774373259,236.76880222841226,1.0,236.76880222841226,0.4777158774373259,0.8191065295191727,0.5772237865101958,1.8189824678345583,0.738700430543966,0.24922384721029076,0.24922384721029073,0.11583629477398187
105,stuck_at,Frozen Lite-CF (ungated),2.0,1436,45,1,0.022222222222222223,11,0,1.0,0.7207520891364902,0.45473537604456826,6.963788300835654,1.0,6.963788300835654,0.45473537604456826,0.8187870815198489,0.5757657241756405,1.8415563967106052,0.7531140058483798,0.27844402458388573,0.2784440245838857,0.11787136256241075
105,stuck_at,Prospective gate Lite-CF,1.0,1436,45,0,0.0,11,0,1.0,0.0,0.45403899721448465,0.0,1.0,0.0,0.45403899721448465,0.8153848501703312,0.5718992745767921,1.8804050515045212,0.7639791641925465,0.2714596361669439,0.2714596361669439,0.12050273914538841
105,stuck_at,All-row multinomial (safety),2.0,1436,45,0,0.0,11,0,1.0,0.0,0.45403899721448465,0.0,1.0,0.0,0.45403899721448465,0.8153848501703312,0.5718992745767921,1.8804050515045212,0.7639791641925465,0.2714596361669439,0.2714596361669439,0.12050273914538841
105,stuck_at,All-row multinomial (utility 1:1),2.0,1436,45,38,0.8444444444444444,11,7,0.36363636363636365,0.9798050139275766,0.4756267409470752,215.8774373259053,1.0,215.8774373259053,0.4756267409470752,0.8189961357648105,0.5772073621910426,1.819763868925887,0.7392947117856912,0.25190126119397793,0.25190126119397793,0.11579283840381056
106,drift,Always PDRF,1.0,1436,21,0,0.0,15,0,1.0,0.0,0.5229805013927576,0.0,1.0,0.0,0.5229805013927576,0.8438109994782438,0.6169598329587748,2.527709807193518,0.7752836032054162,0.34155499411588874,0.34155499411588874,0.1278437077179784
106,drift,Always RO-PDRF-Lite,1.0,1436,21,21,1.0,15,15,0.0,1.0,0.5271587743732591,41.78272980501393,1.0,41.78272980501393,0.5271587743732591,0.8421167478207153,0.6211802738447264,2.3953452857857203,0.7451658783317828,0.3163007890681384,0.31630078906813835,0.12061842645086451
106,drift,Frozen Lite-CF (ungated),2.0,1436,21,7,0.3333333333333333,15,1,0.9333333333333333,0.8655988857938719,0.5271587743732591,41.78272980501393,1.0,41.78272980501393,0.5271587743732591,0.8433047934886382,0.6219335089492998,2.394965258702457,0.7436983662755206,0.3172793433130934,0.3172793433130933,0.12162755546783484
106,drift,Prospective gate Lite-CF,2.0,1436,21,7,0.3333333333333333,15,1,0.9333333333333333,0.8655988857938719,0.5271587743732591,41.78272980501393,1.0,41.78272980501393,0.5271587743732591,0.8433047934886382,0.6219335089492998,2.394965258702457,0.7436983662755206,0.3172793433130934,0.3172793433130933,0.12162755546783484
106,drift,All-row multinomial (safety),2.0,1436,21,0,0.0,15,0,1.0,0.0,0.5229805013927576,0.0,1.0,0.0,0.5229805013927576,0.8438109994782438,0.6169598329587748,2.527709807193518,0.7752836032054162,0.34155499411588874,0.34155499411588874,0.1278437077179784
106,drift,All-row multinomial (utility 1:1),2.0,1436,21,12,0.5714285714285714,15,7,0.5333333333333333,0.35863509749303624,0.5264623955431755,34.81894150417827,1.0,34.81894150417827,0.5264623955431755,0.8414941079242767,0.6163166167283659,2.488670183962025,0.752863452497033,0.3217840068250257,0.32178400682502567,0.12191837321544595
106,gaussian,Always PDRF,1.0,1436,38,0,0.0,13,0,1.0,0.0,0.46657381615598886,0.0,1.0,0.0,0.46657381615598886,0.7895185413962397,0.5074366962198563,3.682689689857694,0.8738649195821995,0.3896096014301513,0.3895310110009389,0.13999427445496704
106,gaussian,Always RO-PDRF-Lite,1.0,1436,38,38,1.0,13,13,0.0,1.0,0.483983286908078,174.09470752089138,1.0,174.09470752089138,0.483983286908078,0.7978173143931704,0.5206806791907683,3.2288976357370833,0.8367398743517794,0.3640379873036328,0.36403798730363296,0.13147649831055802
106,gaussian,Frozen Lite-CF (ungated),2.0,1436,38,14,0.3684210526315789,13,0,1.0,0.8440111420612814,0.4763231197771588,97.49303621169916,1.0,97.49303621169916,0.4763231197771588,0.7969545064034135,0.5190569721562769,3.265017704944478,0.8430038203859495,0.370731052339691,0.37065246191047885,0.13309662035028205
106,gaussian,Prospective gate Lite-CF,2.0,1436,38,14,0.3684210526315789,13,0,1.0,0.8440111420612814,0.4763231197771588,97.49303621169916,1.0,97.49303621169916,0.4763231197771588,0.7969545064034135,0.5190569721562769,3.265017704944478,0.8430038203859495,0.370731052339691,0.37065246191047885,0.13309662035028205
106,gaussian,All-row multinomial (safety),2.0,1436,38,0,0.0,13,0,1.0,0.004874651810584958,0.46657381615598886,0.0,1.0,0.0,0.46657381615598886,0.78965168422451,0.5075016827249653,3.6771407969780667,0.873689380461344,0.3899968996220746,0.3899183091928623,0.1400230088485834
106,gaussian,All-row multinomial (utility 1:1),2.0,1436,38,23,0.6052631578947368,13,3,0.7692307692307692,0.3544568245125348,0.4805013927576602,139.27576601671308,1.0,139.27576601671308,0.4805013927576602,0.7927960020555794,0.5121119194232912,3.5094646930812403,0.8425803558680923,0.3688538454754525,0.36877525504624026,0.1320075081507474
106,offset,Always PDRF,1.0,1436,22,0,0.0,10,0,1.0,0.0,0.5076601671309192,0.0,1.0,0.0,0.5076601671309192,0.836292210747423,0.5950926054341963,2.679575335799738,0.8086536426222338,0.3539375335476901,0.3539375335476901,0.13274581998685284
106,offset,Always RO-PDRF-Lite,1.0,1436,22,22,1.0,10,10,0.0,1.0,0.516016713091922,83.56545961002786,1.0,83.56545961002786,0.516016713091922,0.8345988432404701,0.5997650531013742,2.5324107960914333,0.7797160863765451,0.32665405672573034,0.3263389439591116,0.12715992210347163
106,offset,Frozen Lite-CF (ungated),2.0,1436,22,2,0.09090909090909091,10,1,0.9,0.8662952646239555,0.5083565459610028,6.963788300835654,1.0,6.963788300835654,0.5083565459610028,0.8356650887821543,0.5998826324985914,2.536236076322246,0.7799837545455659,0.3333881112176652,0.33338811121766526,0.12798040693246185
106,offset,Prospective gate Lite-CF,2.0,1436,22,2,0.09090909090909091,10,1,0.9,0.8662952646239555,0.5083565459610028,6.963788300835654,1.0,6.963788300835654,0.5083565459610028,0.8356650887821543,0.5998826324985914,2.536236076322246,0.7799837545455659,0.3333881112176652,0.33338811121766526,0.12798040693246185
106,offset,All-row multinomial (safety),2.0,1436,22,0,0.0,10,0,1.0,0.0,0.5076601671309192,0.0,1.0,0.0,0.5076601671309192,0.836292210747423,0.5950926054341963,2.679575335799738,0.8086536426222338,0.3539375335476901,0.3539375335476901,0.13274581998685284
106,offset,All-row multinomial (utility 1:1),2.0,1436,22,9,0.4090909090909091,10,5,0.5,0.3746518105849582,0.5104456824512534,27.855153203342617,1.0,27.855153203342617,0.5104456824512534,0.8346386333062276,0.5950662180973032,2.6278717495481367,0.7876855103109182,0.3362046182851175,0.3362046182851175,0.12815584675072106
106,stuck_at,Always PDRF,1.0,1436,21,0,0.0,26,0,1.0,0.0,0.504874651810585,0.0,1.0,0.0,0.504874651810585,0.8278694489190596,0.5923714321110541,2.4276920553315526,0.7738971187422988,0.3156401226197603,0.31565871582802135,0.12487085660407755
106,stuck_at,Always RO-PDRF-Lite,1.0,1436,21,21,1.0,26,26,0.0,1.0,0.5013927576601671,-34.81894150417827,1.0,-34.81894150417827,0.5013927576601671,0.8264590755158778,0.5956949852212153,2.3990256979193214,0.7661093137347326,0.31227424012772004,0.3122746300354818,0.12196041627806353
106,stuck_at,Frozen Lite-CF (ungated),2.0,1436,21,0,0.0,26,0,1.0,0.8015320334261838,0.504874651810585,0.0,1.0,0.0,0.504874651810585,0.8272437997151151,0.5956382722328712,2.3882737080882928,0.7640903471230683,0.30966050030697934,0.30966089021474114,0.12306008006574388
106,stuck_at,Prospective gate Lite-CF,2.0,1436,21,0,0.0,26,0,1.0,0.8015320334261838,0.504874651810585,0.0,1.0,0.0,0.504874651810585,0.8272437997151151,0.5956382722328712,2.3882737080882928,0.7640903471230683,0.30966050030697934,0.30966089021474114,0.12306008006574388
106,stuck_at,All-row multinomial (safety),2.0,1436,21,0,0.0,26,0,1.0,0.0,0.504874651810585,0.0,1.0,0.0,0.504874651810585,0.8278694489190596,0.5923714321110541,2.4276920553315526,0.7738971187422988,0.3156401226197603,0.31565871582802135,0.12487085660407755
106,stuck_at,All-row multinomial (utility 1:1),2.0,1436,21,3,0.14285714285714285,26,3,0.8846153846153846,0.4025069637883008,0.504874651810585,0.0,1.0,0.0,0.504874651810585,0.8278227932559562,0.5942667116051874,2.4225596704437207,0.7668513961949277,0.31274970133639846,0.3127682945446595,0.12335276733395595
107,drift,Always PDRF,1.0,1436,32,0,0.0,10,0,1.0,0.0,0.5083565459610028,0.0,1.0,0.0,0.5083565459610028,0.8393716010154714,0.5964700029968634,2.112528566676235,0.7607871239215794,0.2985806934164653,0.29858069341646537,0.12377290933871017
107,drift,Always RO-PDRF-Lite,1.0,1436,32,32,1.0,10,10,0.0,1.0,0.5236768802228412,153.2033426183844,1.0,153.2033426183844,0.5236768802228412,0.8436343219211321,0.6157719493520224,1.9825634136077475,0.7234051770252917,0.2802666207459772,0.27925017275215824,0.11581841120632623
107,drift,Frozen Lite-CF (ungated),2.0,1436,32,5,0.15625,10,0,1.0,0.8377437325905293,0.5118384401114207,34.81894150417827,1.0,34.81894150417827,0.5118384401114207,0.8433666613130124,0.6129177143432442,1.9915232708761945,0.728815278117814,0.28379052043319797,0.2837905204331979,0.11762439567339171
107,drift,Prospective gate Lite-CF,1.0,1436,32,0,0.0,10,0,1.0,0.0,0.5083565459610028,0.0,1.0,0.0,0.5083565459610028,0.8393716010154714,0.5964700029968634,2.112528566676235,0.7607871239215794,0.2985806934164653,0.29858069341646537,0.12377290933871017
107,drift,All-row multinomial (safety),2.0,1436,32,0,0.0,10,0,1.0,0.035515320334261836,0.5083565459610028,0.0,1.0,0.0,0.5083565459610028,0.8389154194900218,0.5963180540698308,2.110689170286281,0.760341379216893,0.2973280475935619,0.297328047593562,0.1236430542802228
107,drift,All-row multinomial (utility 1:1),2.0,1436,32,32,1.0,10,10,0.0,1.0,0.5236768802228412,153.2033426183844,1.0,153.2033426183844,0.5236768802228412,0.8436343219211321,0.6157719493520224,1.9825634136077475,0.7234051770252917,0.2802666207459772,0.27925017275215824,0.11581841120632623
107,gaussian,Always PDRF,1.0,1436,56,0,0.0,14,0,1.0,0.0,0.4575208913649025,0.0,1.0,0.0,0.4575208913649025,0.7773560077932457,0.49083166355826613,2.8994692827902333,0.8454150062075912,0.35047078047949676,0.34833606485684704,0.12709213906360836
107,gaussian,Always RO-PDRF-Lite,1.0,1436,56,56,1.0,14,14,0.0,1.0,0.48676880222841223,292.4791086350975,1.0,292.4791086350975,0.48676880222841223,0.7939897351732164,0.5181595464200174,2.465297139432269,0.7853354413782512,0.30706116989506455,0.30706116989506443,0.11238523207340519
107,gaussian,Frozen Lite-CF (ungated),2.0,1436,56,16,0.2857142857142857,14,4,0.7142857142857143,0.8335654596100278,0.4658774373259053,83.56545961002786,1.0,83.56545961002786,0.4658774373259053,0.7905344284840207,0.5115404355579773,2.5143112523642346,0.7998853456765158,0.32146382307670285,0.3183214434467758,0.11674811903086442
107,gaussian,Prospective gate Lite-CF,1.0,1436,56,0,0.0,14,0,1.0,0.0,0.4575208913649025,0.0,1.0,0.0,0.4575208913649025,0.7773560077932457,0.49083166355826613,2.8994692827902333,0.8454150062075912,0.35047078047949676,0.34833606485684704,0.12709213906360836
107,gaussian,All-row multinomial (safety),2.0,1436,56,2,0.03571428571428571,14,2,0.8571428571428572,0.07729805013927576,0.4575208913649025,0.0,1.0,0.0,0.4575208913649025,0.7774887389859882,0.4911489085915939,2.869942737737839,0.8406276146888247,0.34752443205372485,0.34588713759758966,0.12438114202473771
107,gaussian,All-row multinomial (utility 1:1),2.0,1436,56,56,1.0,14,14,0.0,0.9993036211699164,0.48676880222841223,292.4791086350975,1.0,292.4791086350975,0.48676880222841223,0.7939422994713287,0.5181665343818397,2.465289634415059,0.7851004788740306,0.3068041379633483,0.30680413796334827,0.11234972899989197
107,offset,Always PDRF,1.0,1436,38,0,0.0,18,0,1.0,0.0,0.46518105849582175,0.0,1.0,0.0,0.46518105849582175,0.8265888431747488,0.5617728948095105,2.401389291999504,0.8410077054929853,0.3494946361451823,0.3494946361451823,0.13610930102721142
107,offset,Always RO-PDRF-Lite,1.0,1436,38,38,1.0,18,18,0.0,1.0,0.479108635097493,139.27576601671308,1.0,139.27576601671308,0.479108635097493,0.8331232999616365,0.5852762536582402,2.1998946968765862,0.7916354647399045,0.3278779626139824,0.32787796261398233,0.12794310313516213
107,offset,Frozen Lite-CF (ungated),2.0,1436,38,6,0.15789473684210525,18,0,1.0,0.8447075208913649,0.46935933147632314,41.78272980501393,1.0,41.78272980501393,0.46935933147632314,0.8335547025690989,0.5829811144662046,2.2127262832102703,0.7985195495430704,0.32990465289080867,0.3299046528908088,0.12994002833569418
107,offset,Prospective gate Lite-CF,1.0,1436,38,0,0.0,18,0,1.0,0.0,0.46518105849582175,0.0,1.0,0.0,0.46518105849582175,0.8265888431747488,0.5617728948095105,2.401389291999504,0.8410077054929853,0.3494946361451823,0.3494946361451823,0.13610930102721142
107,offset,All-row multinomial (safety),2.0,1436,38,0,0.0,18,0,1.0,0.035515320334261836,0.46518105849582175,0.0,1.0,0.0,0.46518105849582175,0.8264424763313162,0.561437914396894,2.3942160883733257,0.8374608201955848,0.34794778913144575,0.34794778913144575,0.13617104599666183
107,offset,All-row multinomial (utility 1:1),2.0,1436,38,38,1.0,18,18,0.0,0.9993036211699164,0.479108635097493,139.27576601671308,1.0,139.27576601671308,0.479108635097493,0.8330164976388623,0.5850730097670845,2.2002052298177857,0.7917880668333052,0.32763628278605433,0.3276362827860544,0.12798404564992563
107,stuck_at,Always PDRF,1.0,1436,86,0,0.0,16,0,1.0,0.0,0.43662952646239556,0.0,1.0,0.0,0.43662952646239556,0.8051039631857649,0.5529739327596404,2.1640629335519734,0.804146043701686,0.3060927891880219,0.3048692763201577,0.12486770120703461
107,stuck_at,Always RO-PDRF-Lite,1.0,1436,86,86,1.0,16,16,0.0,1.0,0.4853760445682451,487.46518105849583,1.0,487.46518105849583,0.4853760445682451,0.8191299037061978,0.5744757142318878,2.005397708714355,0.7469707652464598,0.26131647246385536,0.2613164724638553,0.11488952691171399
107,stuck_at,Frozen Lite-CF (ungated),2.0,1436,86,15,0.1744186046511628,16,2,0.875,0.7576601671309192,0.4456824512534819,90.5292479108635,1.0,90.5292479108635,0.4456824512534819,0.8146810414167843,0.5686809595447668,2.036445562968408,0.7667344386696192,0.2890984777004889,0.28787496483262465,0.11830548092092151
107,stuck_at,Prospective gate Lite-CF,1.0,1436,86,0,0.0,16,0,1.0,0.0,0.43662952646239556,0.0,1.0,0.0,0.43662952646239556,0.8051039631857649,0.5529739327596404,2.1640629335519734,0.804146043701686,0.3060927891880219,0.3048692763201577,0.12486770120703461
107,stuck_at,All-row multinomial (safety),2.0,1436,86,2,0.023255813953488372,16,1,0.9375,0.10236768802228412,0.4373259052924791,6.963788300835654,1.0,6.963788300835654,0.4373259052924791,0.8041339977713209,0.5515238701075662,2.1547436115350096,0.80092070359021,0.30460483925288934,0.30338132638502513,0.1242434718453091
107,stuck_at,All-row multinomial (utility 1:1),2.0,1436,86,86,1.0,16,16,0.0,1.0,0.4853760445682451,487.46518105849583,1.0,487.46518105849583,0.4853760445682451,0.8191299037061978,0.5744757142318878,2.005397708714355,0.7469707652464598,0.26131647246385536,0.2613164724638553,0.11488952691171399
108,drift,Always PDRF,1.0,1436,17,0,0.0,11,0,1.0,0.0,0.49164345403899723,0.0,1.0,0.0,0.49164345403899723,0.815851567988508,0.5650025852784604,2.777623770137346,0.8148118642692953,0.36099707409553916,0.36012927254791927,0.13556102952194996
108,drift,Always RO-PDRF-Lite,1.0,1436,17,17,1.0,11,11,0.0,1.0,0.4958217270194986,41.78272980501393,1.0,41.78272980501393,0.4958217270194986,0.8188913718824145,0.5640530415667193,2.8440500742904913,0.819686649554097,0.3651263352518994,0.36512633525189947,0.1353388508632539
108,drift,Frozen Lite-CF (ungated),2.0,1436,17,0,0.0,11,0,1.0,0.001392757660167131,0.49164345403899723,0.0,1.0,0.0,0.49164345403899723,0.8159102486182942,0.5648985521057593,2.776376433097535,0.8147445818551025,0.36037328195237134,0.3595054804047514,0.13573188096807864
108,drift,Prospective gate Lite-CF,1.0,1436,17,0,0.0,11,0,1.0,0.0,0.49164345403899723,0.0,1.0,0.0,0.49164345403899723,0.815851567988508,0.5650025852784604,2.777623770137346,0.8148118642692953,0.36099707409553916,0.36012927254791927,0.13556102952194996
108,drift,All-row multinomial (safety),2.0,1436,17,0,0.0,11,0,1.0,0.0,0.49164345403899723,0.0,1.0,0.0,0.49164345403899723,0.815851567988508,0.5650025852784604,2.777623770137346,0.8148118642692953,0.36099707409553916,0.36012927254791927,0.13556102952194996
108,drift,All-row multinomial (utility 1:1),2.0,1436,17,11,0.6470588235294118,11,10,0.09090909090909094,0.1392757660167131,0.4923398328690808,6.963788300835654,1.0,6.963788300835654,0.4923398328690808,0.8168206921899315,0.5645521860815325,2.765588336418077,0.8129784684591745,0.3584891658722984,0.3578858625229753,0.13450181912154932
108,gaussian,Always PDRF,1.0,1436,39,0,0.0,24,0,1.0,0.0,0.49442896935933145,0.0,1.0,0.0,0.49442896935933145,0.7935968305578315,0.5017701788740433,2.943105268056472,0.8127447310383816,0.349766016869375,0.349260058998271,0.1240209442061312
108,gaussian,Always RO-PDRF-Lite,1.0,1436,39,39,1.0,24,24,0.0,1.0,0.504874651810585,104.45682451253482,1.0,104.45682451253482,0.504874651810585,0.8014627864778184,0.5133833248446117,2.924029686705536,0.804914615455546,0.3446242896542562,0.3446242896542562,0.12409065212797883
108,gaussian,Frozen Lite-CF (ungated),2.0,1436,39,0,0.0,24,0,1.0,0.002785515320334262,0.49442896935933145,0.0,1.0,0.0,0.49442896935933145,0.793577593793262,0.5017224840802528,2.941019750268182,0.8120950081462969,0.3487660257923285,0.3482600679212247,0.12387869147537799
108,gaussian,Prospective gate Lite-CF,1.0,1436,39,0,0.0,24,0,1.0,0.0,0.49442896935933145,0.0,1.0,0.0,0.49442896935933145,0.7935968305578315,0.5017701788740433,2.943105268056472,0.8127447310383816,0.349766016869375,0.349260058998271,0.1240209442061312
108,gaussian,All-row multinomial (safety),2.0,1436,39,0,0.0,24,1,0.9583333333333334,0.002785515320334262,0.4937325905292479,-6.963788300835654,1.0,-6.963788300835654,0.4937325905292479,0.7936305901040007,0.5017266230623844,2.9421423075828494,0.8127323330963246,0.349817215678932,0.34975665486183055,0.12409228077882205
108,gaussian,All-row multinomial (utility 1:1),2.0,1436,39,17,0.4358974358974359,24,16,0.33333333333333337,0.13857938718662952,0.49512534818941506,6.963788300835654,1.0,6.963788300835654,0.49512534818941506,0.7950838854459702,0.5028305985165242,2.9044807030380713,0.8004993086563373,0.33887503856304707,0.33887503856304707,0.12177352427482006
108,offset,Always PDRF,1.0,1436,21,0,0.0,14,0,1.0,0.0,0.4735376044568245,0.0,1.0,0.0,0.4735376044568245,0.8084436994570071,0.5496351666575671,3.0410459737085342,0.866458915801168,0.3789723089991713,0.3789723089991713,0.14708582946969362
108,offset,Always RO-PDRF-Lite,1.0,1436,21,21,1.0,14,14,0.0,1.0,0.47841225626740946,48.74651810584958,1.0,48.74651810584958,0.47841225626740946,0.811882941290682,0.5497841816441899,3.0434080148374556,0.8638147267391467,0.38483728497922987,0.3832902235476427,0.14461834968682183
108,offset,Frozen Lite-CF (ungated),2.0,1436,21,0,0.0,14,1,0.9285714285714286,0.0006963788300835655,0.47284122562674097,-6.963788300835654,1.0,-6.963788300835654,0.47284122562674097,0.808389780670926,0.5494617204089588,3.0416018583301385,0.8668531079952021,0.3793570690383785,0.37935706903837857,0.14719483002766512
108,offset,Prospective gate Lite-CF,1.0,1436,21,0,0.0,14,0,1.0,0.0,0.4735376044568245,0.0,1.0,0.0,0.4735376044568245,0.8084436994570071,0.5496351666575671,3.0410459737085342,0.866458915801168,0.3789723089991713,0.3789723089991713,0.14708582946969362
108,offset,All-row multinomial (safety),2.0,1436,21,0,0.0,14,0,1.0,0.0,0.4735376044568245,0.0,1.0,0.0,0.4735376044568245,0.8084436994570071,0.5496351666575671,3.0410459737085342,0.866458915801168,0.3789723089991713,0.3789723089991713,0.14708582946969362
108,offset,All-row multinomial (utility 1:1),2.0,1436,21,15,0.7142857142857143,14,11,0.2142857142857143,0.15529247910863508,0.4763231197771588,27.855153203342617,1.0,27.855153203342617,0.4763231197771588,0.8089573473306665,0.5487329199891399,3.015917739289037,0.8617923725183338,0.37543714809058026,0.37543714809058026,0.14541511812106755
108,stuck_at,Always PDRF,1.0,1436,25,0,0.0,17,0,1.0,0.0,0.4637883008356546,0.0,1.0,0.0,0.4637883008356546,0.8004901546339188,0.5390795352107753,2.899499060549497,0.8731197706326316,0.37958301341618517,0.37958301341618517,0.1490025227882292
108,stuck_at,Always RO-PDRF-Lite,1.0,1436,25,25,1.0,17,17,0.0,1.0,0.46935933147632314,55.710306406685234,1.0,55.710306406685234,0.46935933147632314,0.8075416286142117,0.544765264906611,2.9032689802860467,0.8640166322630334,0.383621382418064,0.3830456406365919,0.14574182739870245
108,stuck_at,Frozen Lite-CF (ungated),2.0,1436,25,0,0.0,17,0,1.0,0.0,0.4637883008356546,0.0,1.0,0.0,0.4637883008356546,0.8004901546339188,0.5390795352107753,2.899499060549497,0.8731197706326316,0.37958301341618517,0.37958301341618517,0.1490025227882292
108,stuck_at,Prospective gate Lite-CF,1.0,1436,25,0,0.0,17,0,1.0,0.0,0.4637883008356546,0.0,1.0,0.0,0.4637883008356546,0.8004901546339188,0.5390795352107753,2.899499060549497,0.8731197706326316,0.37958301341618517,0.37958301341618517,0.1490025227882292
108,stuck_at,All-row multinomial (safety),2.0,1436,25,0,0.0,17,0,1.0,0.0,0.4637883008356546,0.0,1.0,0.0,0.4637883008356546,0.8004901546339188,0.5390795352107753,2.899499060549497,0.8731197706326316,0.37958301341618517,0.37958301341618517,0.1490025227882292
108,stuck_at,All-row multinomial (utility 1:1),2.0,1436,25,21,0.84,17,16,0.05882352941176472,0.1511142061281337,0.4672701949860724,34.81894150417827,1.0,34.81894150417827,0.4672701949860724,0.801603277656425,0.5403241680584111,2.8825425474304947,0.8626086844350738,0.372476366081268,0.372476366081268,0.1475912035793334
109,drift,Always PDRF,1.0,1436,43,0,0.0,22,0,1.0,0.0,0.5215877437325905,0.0,1.0,0.0,0.5215877437325905,0.8344637890281148,0.6022905049932263,2.720143281923304,0.7753035340437648,0.3298695477200432,0.32901751706360066,0.1309747214764044
109,drift,Always RO-PDRF-Lite,1.0,1436,43,43,1.0,22,22,0.0,1.0,0.5362116991643454,146.23955431754874,1.0,146.23955431754874,0.5362116991643454,0.8398257557822291,0.6072018059578047,2.5890000944774503,0.7531248140502578,0.31802031076579007,0.3144722182328777,0.12569801636520325
109,drift,Frozen Lite-CF (ungated),2.0,1436,43,0,0.0,22,0,1.0,0.0,0.5215877437325905,0.0,1.0,0.0,0.5215877437325905,0.8344637890281148,0.6022905049932263,2.720143281923304,0.7753035340437648,0.3298695477200432,0.32901751706360066,0.1309747214764044
109,drift,Prospective gate Lite-CF,1.0,1436,43,0,0.0,22,0,1.0,0.0,0.5215877437325905,0.0,1.0,0.0,0.5215877437325905,0.8344637890281148,0.6022905049932263,2.720143281923304,0.7753035340437648,0.3298695477200432,0.32901751706360066,0.1309747214764044
109,drift,All-row multinomial (safety),2.0,1436,43,2,0.046511627906976744,22,1,0.9545454545454546,0.055710306406685235,0.5222841225626741,6.963788300835654,1.0,6.963788300835654,0.5222841225626741,0.8346559642177528,0.6025248248245249,2.7179066783959405,0.7747149839403628,0.33381287676102295,0.33306890144921497,0.13100530704029315
109,drift,All-row multinomial (utility 1:1),2.0,1436,43,28,0.6511627906976745,22,15,0.31818181818181823,0.9610027855153204,0.5306406685236769,90.5292479108635,1.0,90.5292479108635,0.5306406685236769,0.8396123785728541,0.6070617824265828,2.5954702139640236,0.7572846013609429,0.3270056952100675,0.3228047817829169,0.12707238054240869
109,gaussian,Always PDRF,1.0,1436,49,0,0.0,27,0,1.0,0.0,0.49025069637883006,0.0,1.0,0.0,0.49025069637883006,0.7946309056950015,0.49956132128490155,3.306289404238984,0.8351273882766315,0.3521677939536026,0.3520142153373124,0.13162466049646038
109,gaussian,Always RO-PDRF-Lite,1.0,1436,49,49,1.0,27,27,0.0,1.0,0.5055710306406686,153.2033426183844,1.0,153.2033426183844,0.5055710306406686,0.8088393505334038,0.5214737046263612,2.908579381583045,0.7903852818817401,0.33857020191246157,0.3356581614102984,0.12180688117506588
109,gaussian,Frozen Lite-CF (ungated),2.0,1436,49,0,0.0,27,0,1.0,0.0,0.49025069637883006,0.0,1.0,0.0,0.49025069637883006,0.7946309056950015,0.49956132128490155,3.306289404238984,0.8351273882766315,0.3521677939536026,0.3520142153373124,0.13162466049646038
109,gaussian,Prospective gate Lite-CF,1.0,1436,49,0,0.0,27,0,1.0,0.0,0.49025069637883006,0.0,1.0,0.0,0.49025069637883006,0.7946309056950015,0.49956132128490155,3.306289404238984,0.8351273882766315,0.3521677939536026,0.3520142153373124,0.13162466049646038
109,gaussian,All-row multinomial (safety),2.0,1436,49,8,0.16326530612244897,27,3,0.8888888888888888,0.08844011142061281,0.4937325905292479,34.81894150417827,1.0,34.81894150417827,0.4937325905292479,0.7957427965369107,0.5013787203822071,3.275722416694028,0.8304700268410219,0.35603619562113237,0.35583106338136544,0.12935769953998313
109,gaussian,All-row multinomial (utility 1:1),2.0,1436,49,45,0.9183673469387755,27,17,0.37037037037037035,0.9700557103064067,0.5097493036211699,194.98607242339833,1.0,194.98607242339833,0.5097493036211699,0.8085927429566827,0.5214246563898639,2.9199619341367846,0.7915173301672781,0.33670324361960136,0.3337912031174382,0.12244809757270148
109,offset,Always PDRF,1.0,1436,49,0,0.0,20,0,1.0,0.0,0.46657381615598886,0.0,1.0,0.0,0.46657381615598886,0.8248421097870898,0.5788365310941805,3.1141334173030373,0.8604963756771641,0.37824058027681895,0.37730642761551725,0.14832526277659863
109,offset,Always RO-PDRF-Lite,1.0,1436,49,49,1.0,20,20,0.0,1.0,0.48676880222841223,201.949860724234,1.0,201.949860724234,0.48676880222841223,0.8308340831579297,0.5858409086327477,2.95150722514266,0.83527169981682,0.357994285387237,0.3560829129421238,0.1444155517422705
109,offset,Frozen Lite-CF (ungated),2.0,1436,49,0,0.0,20,0,1.0,0.0,0.46657381615598886,0.0,1.0,0.0,0.46657381615598886,0.8248421097870898,0.5788365310941805,3.1141334173030373,0.8604963756771641,0.37824058027681895,0.37730642761551725,0.14832526277659863
109,offset,Prospective gate Lite-CF,1.0,1436,49,0,0.0,20,0,1.0,0.0,0.46657381615598886,0.0,1.0,0.0,0.46657381615598886,0.8248421097870898,0.5788365310941805,3.1141334173030373,0.8604963756771641,0.37824058027681895,0.37730642761551725,0.14832526277659863
109,offset,All-row multinomial (safety),2.0,1436,49,2,0.04081632653061224,20,0,1.0,0.0403899721448468,0.467966573816156,13.927576601671309,1.0,13.927576601671309,0.467966573816156,0.8249535362273015,0.5784069997349893,3.1095449791828926,0.8608406978034042,0.3815335140216504,0.3805993613603487,0.14732040973796057
109,offset,All-row multinomial (utility 1:1),2.0,1436,49,31,0.6326530612244898,20,15,0.25,0.9554317548746518,0.4777158774373259,111.42061281337047,1.0,111.42061281337047,0.4777158774373259,0.8304755999813215,0.5853082582751634,2.961700791777656,0.8415727746200926,0.3712390296409823,0.36932765719586924,0.1452773069404795
109,stuck_at,Always PDRF,1.0,1436,36,0,0.0,13,0,1.0,0.0,0.4533426183844011,0.0,1.0,0.0,0.4533426183844011,0.8114678284655197,0.5619192841138625,3.089211216796359,0.8739551790792238,0.37497405178477144,0.371357297503948,0.14994721832936622
109,stuck_at,Always RO-PDRF-Lite,1.0,1436,36,36,1.0,13,13,0.0,1.0,0.46935933147632314,160.16713091922006,1.0,160.16713091922006,0.46935933147632314,0.8205899923690021,0.5720834625138383,2.9620614920991355,0.8473206568864469,0.3646897645423578,0.3622081342468019,0.1436373612584319
109,stuck_at,Frozen Lite-CF (ungated),2.0,1436,36,0,0.0,13,0,1.0,0.0,0.4533426183844011,0.0,1.0,0.0,0.4533426183844011,0.8114678284655197,0.5619192841138625,3.089211216796359,0.8739551790792238,0.37497405178477144,0.371357297503948,0.14994721832936622
109,stuck_at,Prospective gate Lite-CF,1.0,1436,36,0,0.0,13,0,1.0,0.0,0.4533426183844011,0.0,1.0,0.0,0.4533426183844011,0.8114678284655197,0.5619192841138625,3.089211216796359,0.8739551790792238,0.37497405178477144,0.371357297503948,0.14994721832936622
109,stuck_at,All-row multinomial (safety),2.0,1436,36,1,0.027777777777777776,13,0,1.0,0.04456824512534819,0.45403899721448465,6.963788300835654,1.0,6.963788300835654,0.45403899721448465,0.811811079120035,0.5617660185539042,3.084912312504014,0.8715008822568148,0.37765231421359596,0.37403555993277243,0.1491397221957602
109,stuck_at,All-row multinomial (utility 1:1),2.0,1436,36,26,0.7222222222222222,13,6,0.5384615384615384,0.947075208913649,0.4672701949860724,139.27576601671308,1.0,139.27576601671308,0.4672701949860724,0.8201782513657728,0.5715594415002411,2.972098432166402,0.8493015492112325,0.3674090343813664,0.3666417497314242,0.14409473557964692
110,drift,Always PDRF,1.0,1436,17,0,0.0,4,0,1.0,0.0,0.5236768802228412,0.0,1.0,0.0,0.5236768802228412,0.8107584827050519,0.5629500006583639,3.109274677835319,0.84511340274831,0.3614105681492358,0.3614105681492358,0.14337342485895244
110,drift,Always RO-PDRF-Lite,1.0,1436,17,17,1.0,4,4,0.0,1.0,0.5327298050139275,90.5292479108635,1.0,90.5292479108635,0.5327298050139275,0.8130058914069044,0.5784093201209415,2.9301606656062793,0.8312782796090711,0.3594582405148957,0.3568317050105268,0.1399719842492314
110,drift,Frozen Lite-CF (ungated),2.0,1436,17,2,0.11764705882352941,4,0,1.0,0.14763231197771587,0.5250696378830083,13.927576601671309,1.0,13.927576601671309,0.5250696378830083,0.811031302351422,0.5666374640108623,3.0654890493817137,0.8336788131825579,0.3532862299901609,0.35182166736540355,0.1420168763904469
110,drift,Prospective gate Lite-CF,2.0,1436,17,2,0.11764705882352941,4,0,1.0,0.14763231197771587,0.5250696378830083,13.927576601671309,1.0,13.927576601671309,0.5250696378830083,0.811031302351422,0.5666374640108623,3.0654890493817137,0.8336788131825579,0.3532862299901609,0.35182166736540355,0.1420168763904469
110,drift,All-row multinomial (safety),2.0,1436,17,1,0.058823529411764705,4,0,1.0,0.009749303621169917,0.5243732590529248,6.963788300835654,1.0,6.963788300835654,0.5243732590529248,0.8106846922241334,0.5631280263280386,3.1051219882610095,0.8428305360967423,0.3594200966116014,0.35942009661160135,0.14358989193331242
110,drift,All-row multinomial (utility 1:1),2.0,1436,17,11,0.6470588235294118,4,2,0.5,0.9603064066852368,0.5299442896935933,62.674094707520894,1.0,62.674094707520894,0.5299442896935933,0.8135831066028946,0.5784847165850376,2.929350326660967,0.8302634573448343,0.3570793930659123,0.3556148304411551,0.14058412716033683
110,gaussian,Always PDRF,1.0,1436,42,0,0.0,17,0,1.0,0.0,0.4582172701949861,0.0,1.0,0.0,0.4582172701949861,0.7683560459117124,0.4528273592935652,3.591721892378287,0.9051946341401579,0.40152676314365654,0.3990351119046676,0.1430592344419417
110,gaussian,Always RO-PDRF-Lite,1.0,1436,42,42,1.0,17,17,0.0,1.0,0.4756267409470752,174.09470752089138,1.0,174.09470752089138,0.4756267409470752,0.7829923222136558,0.4813201511594643,3.1667430109062624,0.8576964954525171,0.3726729221087859,0.37267292210878583,0.13300107492389843
110,gaussian,Frozen Lite-CF (ungated),2.0,1436,42,12,0.2857142857142857,17,4,0.7647058823529411,0.23885793871866295,0.4637883008356546,55.710306406685234,1.0,55.710306406685234,0.4637883008356546,0.7743503062820013,0.46382046611990857,3.3882982134860895,0.8587465924952392,0.36427398629651997,0.36427398629651997,0.13179939777889624
110,gaussian,Prospective gate Lite-CF,2.0,1436,42,12,0.2857142857142857,17,4,0.7647058823529411,0.23885793871866295,0.4637883008356546,55.710306406685234,1.0,55.710306406685234,0.4637883008356546,0.7743503062820013,0.46382046611990857,3.3882982134860895,0.8587465924952392,0.36427398629651997,0.36427398629651997,0.13179939777889624
110,gaussian,All-row multinomial (safety),2.0,1436,42,5,0.11904761904761904,17,1,0.9411764705882353,0.04944289693593315,0.4610027855153203,27.855153203342617,1.0,27.855153203342617,0.4610027855153203,0.7692645718394697,0.45457400676914544,3.554466645954969,0.895617522108252,0.3885684692280672,0.3885684692280672,0.140660808103366
110,gaussian,All-row multinomial (utility 1:1),2.0,1436,42,31,0.7380952380952381,17,13,0.23529411764705888,0.9408077994428969,0.47075208913649025,125.34818941504179,1.0,125.34818941504179,0.47075208913649025,0.7817685307526415,0.4787612924233282,3.168699509690368,0.8585900860647149,0.3695549577537483,0.3695549577537484,0.13175859933643644
110,offset,Always PDRF,1.0,1436,32,0,0.0,9,0,1.0,0.0,0.4881615598885794,0.0,1.0,0.0,0.4881615598885794,0.8044933361173189,0.544678910638298,3.385239300851796,0.906037663339285,0.39811232915418554,0.3981123291541856,0.1564350588641256
110,offset,Always RO-PDRF-Lite,1.0,1436,32,32,1.0,9,9,0.0,1.0,0.5041782729805014,160.16713091922006,1.0,160.16713091922006,0.5041782729805014,0.8084644434689529,0.5636178959150656,3.1656548224554486,0.8810835598486022,0.3867000507694387,0.38670005076943864,0.15008306600166638
110,offset,Frozen Lite-CF (ungated),2.0,1436,32,3,0.09375,9,0,1.0,0.15041782729805014,0.49025069637883006,20.891364902506965,1.0,20.891364902506965,0.49025069637883006,0.8045818220485567,0.5483271377097442,3.3316018931561056,0.8902517748822733,0.3867227068418739,0.3867227068418738,0.15377112563370898
110,offset,Prospective gate Lite-CF,2.0,1436,32,3,0.09375,9,0,1.0,0.15041782729805014,0.49025069637883006,20.891364902506965,1.0,20.891364902506965,0.49025069637883006,0.8045818220485567,0.5483271377097442,3.3316018931561056,0.8902517748822733,0.3867227068418739,0.3867227068418738,0.15377112563370898
110,offset,All-row multinomial (safety),2.0,1436,32,1,0.03125,9,0,1.0,0.009052924791086351,0.48885793871866295,6.963788300835654,1.0,6.963788300835654,0.48885793871866295,0.804784933681197,0.5445984260509923,3.3800623761942745,0.9049355119641389,0.3964426722870572,0.3964426722870572,0.15627542643886325
110,offset,All-row multinomial (utility 1:1),2.0,1436,32,18,0.5625,9,3,0.6666666666666667,0.9477715877437326,0.4986072423398329,104.45682451253482,1.0,104.45682451253482,0.4986072423398329,0.8087476789674183,0.5632448380821982,3.166993223908627,0.8825645776484914,0.3872511727184731,0.3870426173288692,0.1514624701023021
110,stuck_at,Always PDRF,1.0,1436,32,0,0.0,11,0,1.0,0.0,0.5153203342618384,0.0,1.0,0.0,0.5153203342618384,0.7996767295906668,0.5591117734333121,2.933624583325911,0.8399774439348874,0.343922609569857,0.33970405917484164,0.14089648509890382
110,stuck_at,Always RO-PDRF-Lite,1.0,1436,32,32,1.0,11,11,0.0,1.0,0.5299442896935933,146.23955431754874,1.0,146.23955431754874,0.5299442896935933,0.8063212478366036,0.5773679445066717,2.7511632127191983,0.8135968477683366,0.33221435646349295,0.33213096886239607,0.1360232424515192
110,stuck_at,Frozen Lite-CF (ungated),2.0,1436,32,6,0.1875,11,1,0.9090909090909091,0.16504178272980502,0.5188022284122563,34.81894150417827,1.0,34.81894150417827,0.5188022284122563,0.7989161222161801,0.5606945852617095,2.8849641975464695,0.8207479596738407,0.32906335801197883,0.32438583475667243,0.13701095912725544
110,stuck_at,Prospective gate Lite-CF,2.0,1436,32,6,0.1875,11,1,0.9090909090909091,0.16504178272980502,0.5188022284122563,34.81894150417827,1.0,34.81894150417827,0.5188022284122563,0.7989161222161801,0.5606945852617095,2.8849641975464695,0.8207479596738407,0.32906335801197883,0.32438583475667243,0.13701095912725544
110,stuck_at,All-row multinomial (safety),2.0,1436,32,1,0.03125,11,1,0.9090909090909091,0.01532033426183844,0.5153203342618384,0.0,1.0,0.0,0.5153203342618384,0.7995103802819338,0.5592667362667504,2.9247255037798663,0.8370233533134447,0.3418124757202812,0.33793448138517745,0.13997536164507396
110,stuck_at,All-row multinomial (utility 1:1),2.0,1436,32,27,0.84375,11,9,0.18181818181818177,0.9575208913649025,0.5278551532033426,125.34818941504179,1.0,125.34818941504179,0.5278551532033426,0.8061942800693339,0.5770880976960439,2.752810973662108,0.8136945840853408,0.32974707552804283,0.3297470755280429,0.13620465549415287
